fluo_all_conc,licks_all_conc,rotenc_all_conc,Rsize_all,Rdelay_all
"[[[nan nan nan ... nan nan nan]
  [nan nan nan ... nan nan nan]
  [nan nan nan ... nan nan nan]
  ...
  [nan nan nan ... nan nan nan]
  [nan nan nan ... nan nan nan]
  [nan nan nan ... nan nan nan]]

 [[nan nan nan ... nan nan nan]
  [nan nan nan ... nan nan nan]
  [nan nan nan ... nan nan nan]
  ...
  [nan nan nan ... nan nan nan]
  [nan nan nan ... nan nan nan]
  [nan nan nan ... nan nan nan]]

 [[nan nan nan ... nan nan nan]
  [nan nan nan ... nan nan nan]
  [nan nan nan ... nan nan nan]
  ...
  [nan nan nan ... nan nan nan]
  [nan nan nan ... nan nan nan]
  [nan nan nan ... nan nan nan]]

 ...

 [[nan nan nan ... nan nan nan]
  [nan nan nan ... nan nan nan]
  [nan nan nan ... nan nan nan]
  ...
  [nan nan nan ... nan nan nan]
  [nan nan nan ... nan nan nan]
  [nan nan nan ... nan nan nan]]

 [[nan nan nan ... nan nan nan]
  [nan nan nan ... nan nan nan]
  [nan nan nan ... nan nan nan]
  ...
  [nan nan nan ... nan nan nan]
  [nan nan nan ... nan nan nan]
  [nan nan nan ... nan nan nan]]

 [[nan nan nan ... nan nan nan]
  [nan nan nan ... nan nan nan]
  [nan nan nan ... nan nan nan]
  ...
  [nan nan nan ... nan nan nan]
  [nan nan nan ... nan nan nan]
  [nan nan nan ... nan nan nan]]]","[[nan nan nan ... nan nan nan]
 [nan nan nan ... nan nan nan]
 [nan nan nan ... nan nan nan]
 ...
 [nan nan nan ... nan nan nan]
 [nan nan nan ... nan nan nan]
 [nan nan nan ... nan nan nan]]","[[[nan nan nan]
  [nan nan nan]
  [nan nan nan]
  ...
  [nan nan nan]
  [nan nan nan]
  [nan nan nan]]

 [[nan nan nan]
  [nan nan nan]
  [nan nan nan]
  ...
  [nan nan nan]
  [nan nan nan]
  [nan nan nan]]

 [[nan nan nan]
  [nan nan nan]
  [nan nan nan]
  ...
  [nan nan nan]
  [nan nan nan]
  [nan nan nan]]

 ...

 [[nan nan nan]
  [nan nan nan]
  [nan nan nan]
  ...
  [nan nan nan]
  [nan nan nan]
  [nan nan nan]]

 [[nan nan nan]
  [nan nan nan]
  [nan nan nan]
  ...
  [nan nan nan]
  [nan nan nan]
  [nan nan nan]]

 [[nan nan nan]
  [nan nan nan]
  [nan nan nan]
  ...
  [nan nan nan]
  [nan nan nan]
  [nan nan nan]]]","[[3 3 3 3 3 3 3 3 3 3 3 3 3 3 3 3 3 3 3 3 3 3 3 3 3 3 3 3 3 3 3 3 3 3 3 3
  3 3 3 3 3 3 3 3 3 3 3 3 3 3 3 3 3 3 3 3 3 3 3 3 3 3 3 3 3 3 3 3 3 3 3 3
  3 3 3 3 3 3 3 3 3 3 3 3 3 3 3 3 3 3 3 3 3 3 3 3 3 3 3 3 3 3 3 3 3 3 3 3
  3 3 3 3 3 3 3 3 3 3 3 3 3 3 3 3 3 3 3 3 3 3 3 3 3 3 3 3 3 3 3 3 3 3 3 3
  3 3 3 3 3 3 3 3 3 3 3 3 3 3 3 3 3 3 3 3 3 3 3 3 3 3 3 3 3 3 3 3 3 3 3 3
  3 3 3 3 3 3 3 3 3 3 3 3 3 3 3 3 3 3 3 3 3 3 3 3 3 3 3 3 3 3 3 3 3 3 3 3
  3 3 3 3 3 3 3]]","[[1 1 1 1 1 1 1 1 1 1 1 1 1 1 1 1 1 1 1 1 1 1 1 1 1 1 1 1 1 1 1 1 1 1 1 1
  1 1 1 1 1 1 1 1 1 1 1 1 1 1 1 1 1 1 1 1 1 1 1 1 1 1 1 1 1 1 1 1 1 1 1 1
  1 1 1 1 1 1 1 1 1 1 1 1 1 1 1 1 1 1 1 1 1 1 1 1 1 1 1 1 1 1 1 1 1 1 1 1
  1 1 1 1 1 1 1 1 1 1 1 1 1 1 1 1 1 1 1 1 1 1 1 1 1 1 1 1 1 1 1 1 1 1 1 1
  1 1 1 1 1 1 1 1 1 1 1 1 1 1 1 1 1 1 1 1 1 1 1 1 1 1 1 1 1 1 1 1 1 1 1 1
  1 1 1 1 1 1 1 1 1 1 1 1 1 1 1 1 1 1 1 1 1 1 1 1 1 1 1 1 1 1 1 1 1 1 1 1
  1 1 1 1 1 1 1]]"
"[[[nan nan nan ... nan nan nan]
  [nan nan nan ... nan nan nan]
  [nan nan nan ... nan nan nan]
  ...
  [nan nan nan ... nan nan nan]
  [nan nan nan ... nan nan nan]
  [nan nan nan ... nan nan nan]]

 [[nan nan nan ... nan nan nan]
  [nan nan nan ... nan nan nan]
  [nan nan nan ... nan nan nan]
  ...
  [nan nan nan ... nan nan nan]
  [nan nan nan ... nan nan nan]
  [nan nan nan ... nan nan nan]]

 [[nan nan nan ... nan nan nan]
  [nan nan nan ... nan nan nan]
  [nan nan nan ... nan nan nan]
  ...
  [nan nan nan ... nan nan nan]
  [nan nan nan ... nan nan nan]
  [nan nan nan ... nan nan nan]]

 ...

 [[nan nan nan ... nan nan nan]
  [nan nan nan ... nan nan nan]
  [nan nan nan ... nan nan nan]
  ...
  [nan nan nan ... nan nan nan]
  [nan nan nan ... nan nan nan]
  [nan nan nan ... nan nan nan]]

 [[nan nan nan ... nan nan nan]
  [nan nan nan ... nan nan nan]
  [nan nan nan ... nan nan nan]
  ...
  [nan nan nan ... nan nan nan]
  [nan nan nan ... nan nan nan]
  [nan nan nan ... nan nan nan]]

 [[nan nan nan ... nan nan nan]
  [nan nan nan ... nan nan nan]
  [nan nan nan ... nan nan nan]
  ...
  [nan nan nan ... nan nan nan]
  [nan nan nan ... nan nan nan]
  [nan nan nan ... nan nan nan]]]","[[nan nan nan ... nan nan nan]
 [nan nan nan ... nan nan nan]
 [nan nan nan ... nan nan nan]
 ...
 [nan nan nan ... nan nan nan]
 [nan nan nan ... nan nan nan]
 [nan nan nan ... nan nan nan]]","[[[nan nan nan]
  [nan nan nan]
  [nan nan nan]
  ...
  [nan nan nan]
  [nan nan nan]
  [nan nan nan]]

 [[nan nan nan]
  [nan nan nan]
  [nan nan nan]
  ...
  [nan nan nan]
  [nan nan nan]
  [nan nan nan]]

 [[nan nan nan]
  [nan nan nan]
  [nan nan nan]
  ...
  [nan nan nan]
  [nan nan nan]
  [nan nan nan]]

 ...

 [[nan nan nan]
  [nan nan nan]
  [nan nan nan]
  ...
  [nan nan nan]
  [nan nan nan]
  [nan nan nan]]

 [[nan nan nan]
  [nan nan nan]
  [nan nan nan]
  ...
  [nan nan nan]
  [nan nan nan]
  [nan nan nan]]

 [[nan nan nan]
  [nan nan nan]
  [nan nan nan]
  ...
  [nan nan nan]
  [nan nan nan]
  [nan nan nan]]]","[[3 3 3 3 3 3 3 3 3 3 3 3 3 3 3 3 3 3 3 3 3 3 3 3 3 3 3 3 3 3 3 3 3 3 3 3
  3 3 3 3 3 3 3 3 3 3 3 3 3 3 3 3 3 3 3 3 3 3 3 3 3 3 3 3 3 3 3 3 3 3 3 3
  3 3 3 3 3 3 3 3 3 3 3 3 3 3 3 3 3 3 3 3 3 3 3 3 3 3 3 3 3 3 3 3 3 3 3 3
  3 3 3 3 3 3 3 3 3 3 3 3 3 3 3 3 3 3 3 3 3 3 3 3 3 3 3 3 3 3 3 3 3 3 3 3
  3 3 3 3 3 3 3 3 3 3 3 3 3 3 3 3 3 3 3 3 3 3 3 3 3 3 3 3 3 3 3 3 3 3 3 3
  3 3 3 3 3 3 3 3 3 3 3 3 3 3 3 3 3 3 3 3 3 3 3 3 3 3 3 3 3 3 3 3 3 3 3 3
  3 3 3 3 3 3 3 3 3 3 3 3 3 3 3 3 3 3 3 3 3 3 3 3 3 3 3 3 3 3 3 3 3 3 3 3
  3 3 3 3 3 3 3 3 3 3 3 3 3 3 3 3 3 3 3 3]]","[[1.25 1.25 1.25 1.25 1.25 1.25 1.25 1.25 1.25 1.25 1.25 1.25 1.25 1.25
  1.25 1.25 1.25 1.25 1.25 1.25 1.25 1.25 1.25 1.25 1.25 1.25 1.25 1.25
  1.25 1.25 1.25 1.25 1.25 1.25 1.25 1.25 1.25 1.25 1.25 1.25 1.25 1.25
  1.25 1.25 1.25 1.25 1.25 1.25 1.25 1.25 1.25 1.25 1.25 1.25 1.25 1.25
  1.25 1.25 1.25 1.25 1.25 1.25 1.25 1.25 1.25 1.25 1.25 1.25 1.25 1.25
  1.25 1.25 1.25 1.25 1.25 1.25 1.25 1.25 1.25 1.25 1.25 1.25 1.25 1.25
  1.25 1.25 1.25 1.25 1.25 1.25 1.25 1.25 1.25 1.25 1.25 1.25 1.25 1.25
  1.25 1.25 1.25 1.25 1.25 1.25 1.25 1.25 1.25 1.25 1.25 1.25 1.25 1.25
  1.25 1.25 1.25 1.25 1.25 1.25 1.25 1.25 1.25 1.25 1.25 1.25 1.25 1.25
  1.25 1.25 1.25 1.25 1.25 1.25 1.25 1.25 1.25 1.25 1.25 1.25 1.25 1.25
  1.25 1.25 1.25 1.25 1.25 1.25 1.25 1.25 1.25 1.25 1.25 1.25 1.25 1.25
  1.25 1.25 1.25 1.25 1.25 1.25 1.25 1.25 1.25 1.25 1.25 1.25 1.25 1.25
  1.25 1.25 1.25 1.25 1.25 1.25 1.25 1.25 1.25 1.25 1.25 1.25 1.25 1.25
  1.25 1.25 1.25 1.25 1.25 1.25 1.25 1.25 1.25 1.25 1.25 1.25 1.25 1.25
  1.25 1.25 1.25 1.25 1.25 1.25 1.25 1.25 1.25 1.25 1.25 1.25 1.25 1.25
  1.25 1.25 1.25 1.25 1.25 1.25 1.25 1.25 1.25 1.25 1.25 1.25 1.25 1.25
  1.25 1.25 1.25 1.25 1.25 1.25 1.25 1.25 1.25 1.25 1.25 1.25 1.25 1.25
  1.25 1.25 1.25 1.25 1.25 1.25 1.25 1.25 1.25 1.25 1.25 1.25 1.25 1.25
  1.25 1.25 1.25 1.25 1.25 1.25 1.25 1.25 1.25 1.25 1.25 1.25 1.25 1.25
  1.25 1.25 1.25 1.25 1.25 1.25]]"
"[[[nan nan nan ... nan nan nan]
  [nan nan nan ... nan nan nan]
  [nan nan nan ... nan nan nan]
  ...
  [nan nan nan ... nan nan nan]
  [nan nan nan ... nan nan nan]
  [nan nan nan ... nan nan nan]]

 [[nan nan nan ... nan nan nan]
  [nan nan nan ... nan nan nan]
  [nan nan nan ... nan nan nan]
  ...
  [nan nan nan ... nan nan nan]
  [nan nan nan ... nan nan nan]
  [nan nan nan ... nan nan nan]]

 [[nan nan nan ... nan nan nan]
  [nan nan nan ... nan nan nan]
  [nan nan nan ... nan nan nan]
  ...
  [nan nan nan ... nan nan nan]
  [nan nan nan ... nan nan nan]
  [nan nan nan ... nan nan nan]]

 ...

 [[nan nan nan ... nan nan nan]
  [nan nan nan ... nan nan nan]
  [nan nan nan ... nan nan nan]
  ...
  [nan nan nan ... nan nan nan]
  [nan nan nan ... nan nan nan]
  [nan nan nan ... nan nan nan]]

 [[nan nan nan ... nan nan nan]
  [nan nan nan ... nan nan nan]
  [nan nan nan ... nan nan nan]
  ...
  [nan nan nan ... nan nan nan]
  [nan nan nan ... nan nan nan]
  [nan nan nan ... nan nan nan]]

 [[nan nan nan ... nan nan nan]
  [nan nan nan ... nan nan nan]
  [nan nan nan ... nan nan nan]
  ...
  [nan nan nan ... nan nan nan]
  [nan nan nan ... nan nan nan]
  [nan nan nan ... nan nan nan]]]","[[nan nan nan ... nan nan nan]
 [nan nan nan ... nan nan nan]
 [nan nan nan ... nan nan nan]
 ...
 [nan nan nan ... nan nan nan]
 [nan nan nan ... nan nan nan]
 [nan nan nan ... nan nan nan]]","[[[nan nan nan]
  [nan nan nan]
  [nan nan nan]
  ...
  [nan nan nan]
  [nan nan nan]
  [nan nan nan]]

 [[nan nan nan]
  [nan nan nan]
  [nan nan nan]
  ...
  [nan nan nan]
  [nan nan nan]
  [nan nan nan]]

 [[nan nan nan]
  [nan nan nan]
  [nan nan nan]
  ...
  [nan nan nan]
  [nan nan nan]
  [nan nan nan]]

 ...

 [[nan nan nan]
  [nan nan nan]
  [nan nan nan]
  ...
  [nan nan nan]
  [nan nan nan]
  [nan nan nan]]

 [[nan nan nan]
  [nan nan nan]
  [nan nan nan]
  ...
  [nan nan nan]
  [nan nan nan]
  [nan nan nan]]

 [[nan nan nan]
  [nan nan nan]
  [nan nan nan]
  ...
  [nan nan nan]
  [nan nan nan]
  [nan nan nan]]]","[[3 3 3 3 3 3 3 3 3 3 3 3 3 3 3 3 3 3 3 3 3 3 3 3 3 3 3 3 3 3 3 3 3 3 3 3
  3 3 3 3 3 3 3 3 3 3 3 3 3 3 3 3 3 3 3 3 3 3 3 3 3 3 3 3 3 3 3 3 3 3 3 3
  3 3 3 3 3 3 3 3 3 3 3 3 3 3 3 3 3 3 3 3 3 3 3 3 3 3 3 3 3 3 3 3 3 3 3 3
  3 3 3 3 3 3 3 3 3 3 3 3 3 3 3 3 3 3 3 3 3 3 3 3 3 3 3 3 3 3 3 3 3 3 3 3
  3 3 3 3 3 3 3 3 3 3 3 3 3 3 3 3 3 3 3 3 3 3 3 3 3 3 3 3 3 3 3 3 3 3 3 3
  3 3 3 3 3 3 3 3 3 3 3 3 3 3 3 3 3 3 3 3 3 3 3 3 3 3 3 3 3 3 3 3 3 3 3 3
  3 3 3 3 3 3 3 3 3 3 3 3 3 3 3 3 3 3 3 3 3 3 3 3 3 3 3 3 3 3 3 3 3 3 3 3
  3 3 3 3 3 3 3 3 3 3 3 3 3 3 3 3 3 3 3 3 3 3 3 3 3 3 3 3 3 3 3]]","[[2.5 2.5 2.5 2.5 2.5 2.5 2.5 2.5 2.5 2.5 2.5 2.5 2.5 2.5 2.5 2.5 2.5 2.5
  2.5 2.5 2.5 2.5 2.5 2.5 2.5 2.5 2.5 2.5 2.5 2.5 2.5 2.5 2.5 2.5 2.5 2.5
  2.5 2.5 2.5 2.5 2.5 2.5 2.5 2.5 2.5 2.5 2.5 2.5 2.5 2.5 2.5 2.5 2.5 2.5
  2.5 2.5 2.5 2.5 2.5 2.5 2.5 2.5 2.5 2.5 2.5 2.5 2.5 2.5 2.5 2.5 2.5 2.5
  2.5 2.5 2.5 2.5 2.5 2.5 2.5 2.5 2.5 2.5 2.5 2.5 2.5 2.5 2.5 2.5 2.5 2.5
  2.5 2.5 2.5 2.5 2.5 2.5 2.5 2.5 2.5 2.5 2.5 2.5 2.5 2.5 2.5 2.5 2.5 2.5
  2.5 2.5 2.5 2.5 2.5 2.5 2.5 2.5 2.5 2.5 2.5 2.5 2.5 2.5 2.5 2.5 2.5 2.5
  2.5 2.5 2.5 2.5 2.5 2.5 2.5 2.5 2.5 2.5 2.5 2.5 2.5 2.5 2.5 2.5 2.5 2.5
  2.5 2.5 2.5 2.5 2.5 2.5 2.5 2.5 2.5 2.5 2.5 2.5 2.5 2.5 2.5 2.5 2.5 2.5
  2.5 2.5 2.5 2.5 2.5 2.5 2.5 2.5 2.5 2.5 2.5 2.5 2.5 2.5 2.5 2.5 2.5 2.5
  2.5 2.5 2.5 2.5 2.5 2.5 2.5 2.5 2.5 2.5 2.5 2.5 2.5 2.5 2.5 2.5 2.5 2.5
  2.5 2.5 2.5 2.5 2.5 2.5 2.5 2.5 2.5 2.5 2.5 2.5 2.5 2.5 2.5 2.5 2.5 2.5
  2.5 2.5 2.5 2.5 2.5 2.5 2.5 2.5 2.5 2.5 2.5 2.5 2.5 2.5 2.5 2.5 2.5 2.5
  2.5 2.5 2.5 2.5 2.5 2.5 2.5 2.5 2.5 2.5 2.5 2.5 2.5 2.5 2.5 2.5 2.5 2.5
  2.5 2.5 2.5 2.5 2.5 2.5 2.5 2.5 2.5 2.5 2.5 2.5 2.5 2.5 2.5 2.5 2.5 2.5
  2.5 2.5 2.5 2.5 2.5 2.5 2.5 2.5 2.5 2.5 2.5 2.5 2.5]]"
"[[[nan nan nan ... nan nan nan]
  [nan nan nan ... nan nan nan]
  [nan nan nan ... nan nan nan]
  ...
  [nan nan nan ... nan nan nan]
  [nan nan nan ... nan nan nan]
  [nan nan nan ... nan nan nan]]

 [[nan nan nan ... nan nan nan]
  [nan nan nan ... nan nan nan]
  [nan nan nan ... nan nan nan]
  ...
  [nan nan nan ... nan nan nan]
  [nan nan nan ... nan nan nan]
  [nan nan nan ... nan nan nan]]

 [[nan nan nan ... nan nan nan]
  [nan nan nan ... nan nan nan]
  [nan nan nan ... nan nan nan]
  ...
  [nan nan nan ... nan nan nan]
  [nan nan nan ... nan nan nan]
  [nan nan nan ... nan nan nan]]

 ...

 [[nan nan nan ... nan nan nan]
  [nan nan nan ... nan nan nan]
  [nan nan nan ... nan nan nan]
  ...
  [nan nan nan ... nan nan nan]
  [nan nan nan ... nan nan nan]
  [nan nan nan ... nan nan nan]]

 [[nan nan nan ... nan nan nan]
  [nan nan nan ... nan nan nan]
  [nan nan nan ... nan nan nan]
  ...
  [nan nan nan ... nan nan nan]
  [nan nan nan ... nan nan nan]
  [nan nan nan ... nan nan nan]]

 [[nan nan nan ... nan nan nan]
  [nan nan nan ... nan nan nan]
  [nan nan nan ... nan nan nan]
  ...
  [nan nan nan ... nan nan nan]
  [nan nan nan ... nan nan nan]
  [nan nan nan ... nan nan nan]]]","[[nan nan nan ... nan nan nan]
 [nan nan nan ... nan nan nan]
 [nan nan nan ... nan nan nan]
 ...
 [nan nan nan ... nan nan nan]
 [nan nan nan ... nan nan nan]
 [nan nan nan ... nan nan nan]]","[[[nan nan nan]
  [nan nan nan]
  [nan nan nan]
  ...
  [nan nan nan]
  [nan nan nan]
  [nan nan nan]]

 [[nan nan nan]
  [nan nan nan]
  [nan nan nan]
  ...
  [nan nan nan]
  [nan nan nan]
  [nan nan nan]]

 [[nan nan nan]
  [nan nan nan]
  [nan nan nan]
  ...
  [nan nan nan]
  [nan nan nan]
  [nan nan nan]]

 ...

 [[nan nan nan]
  [nan nan nan]
  [nan nan nan]
  ...
  [nan nan nan]
  [nan nan nan]
  [nan nan nan]]

 [[nan nan nan]
  [nan nan nan]
  [nan nan nan]
  ...
  [nan nan nan]
  [nan nan nan]
  [nan nan nan]]

 [[nan nan nan]
  [nan nan nan]
  [nan nan nan]
  ...
  [nan nan nan]
  [nan nan nan]
  [nan nan nan]]]","[[3 3 3 3 3 3 3 3 3 3 3 3 3 3 3 3 3 3 3 3 3 3 3 3 3 3 3 3 3 3 3 3 3 3 3 3
  3 3 3 3 3 3 3 3 3 3 3 3 3 3 3 3 3 3 3 3 3 3 3 3 3 3 3 3 3 3 3 3 3 3 3 3
  3 3 3 3 3 3 3 3 3 3 3 3 3 3 3 3 3 3 3 3 3 3 3 3 3 3 3 3 3 3 3 3 3 3 3 3
  3 3 3 3 3 3 3 3 3 3 3 3 3 3 3 3 3 3 3 3 3 3 3 3 3 3 3 3 3 3 3 3 3 3 3 3
  3 3 3 3 3 3 3 3 3 3 3 3 3 3 3 3 3 3 3 3 3 3 3 3 3 3 3 3 3 3 3 3 3 3 3 3
  3 3 3 3 3 3 3 3 3 3 3 3 3 3 3 3 3 3 3 3 3 3 3 3 3 3 3 3 3 3 3 3 3 3 3 3
  3 3 3 3 3 3 3 3 3 3 3 3 3 3 3 3 3 3 3 3 3 3 3 3 3 3 3 3 3 3 3 3 3 3 3 3
  3 3 3 3 3 3 3 3 3 3 3 3 3 3 3 3 3 3 3 3 3 3 3 3 3 3 3 3 3 3 3 3 3 3 3 3
  3 3 3]]","[[4 4 4 4 4 4 4 4 4 4 4 4 4 4 4 4 4 4 4 4 4 4 4 4 4 4 4 4 4 4 4 4 4 4 4 4
  4 4 4 4 4 4 4 4 4 4 4 4 4 4 4 4 4 4 4 4 4 4 4 4 4 4 4 4 4 4 4 4 4 4 4 4
  4 4 4 4 4 4 4 4 4 4 4 4 4 4 4 4 4 4 4 4 4 4 4 4 4 4 4 4 4 4 4 4 4 4 4 4
  4 4 4 4 4 4 4 4 4 4 4 4 4 4 4 4 4 4 4 4 4 4 4 4 4 4 4 4 4 4 4 4 4 4 4 4
  4 4 4 4 4 4 4 4 4 4 4 4 4 4 4 4 4 4 4 4 4 4 4 4 4 4 4 4 4 4 4 4 4 4 4 4
  4 4 4 4 4 4 4 4 4 4 4 4 4 4 4 4 4 4 4 4 4 4 4 4 4 4 4 4 4 4 4 4 4 4 4 4
  4 4 4 4 4 4 4 4 4 4 4 4 4 4 4 4 4 4 4 4 4 4 4 4 4 4 4 4 4 4 4 4 4 4 4 4
  4 4 4 4 4 4 4 4 4 4 4 4 4 4 4 4 4 4 4 4 4 4 4 4 4 4 4 4 4 4 4 4 4 4 4 4
  4 4 4]]"
